Accuracy,Recall,Precision,Fscore,AUC,dataset
0.0023474178403755,1.0,0.0023474178403755,0.0046838407494145,0.258235294117647,A1Benchmark/real_1.csv
0.0150462962962962,1.0,0.0150462962962962,0.0296465222348916,0.3419506462984724,A1Benchmark/real_10.csv
0.0219907407407407,1.0,0.0219907407407407,0.0430351075877689,0.3284023668639053,A1Benchmark/real_11.csv
0.0023148148148148,1.0,0.0023148148148148,0.0046189376443418,0.345707656612529,A1Benchmark/real_12.csv
0.8969907407407407,0.3333333333333333,0.0348837209302325,0.0631578947368421,0.6056530214424951,A1Benchmark/real_13.csv
0.0,0.0,0.0,0.0,,A1Benchmark/real_14.csv
0.8981481481481481,0.375,0.0348837209302325,0.0638297872340425,0.6273364485981309,A1Benchmark/real_15.csv
0.8574686431014823,1.0,0.0234375,0.0458015267175572,0.90255530129672,A1Benchmark/real_16.csv
0.2654970760233918,1.0,0.2654970760233918,0.4195933456561921,0.4442675159235669,A1Benchmark/real_17.csv
0.0,0.0,0.0,0.0,,A1Benchmark/real_18.csv
0.2654970760233918,1.0,0.2654970760233918,0.4195933456561921,0.4119854653609809,A1Benchmark/real_19.csv
0.8506944444444444,0.375,0.048,0.0851063829787234,0.6101488797169811,A1Benchmark/real_2.csv
0.9086651053864168,0.7777777777777778,0.0843373493975903,0.1521739130434782,0.935568704799474,A1Benchmark/real_20.csv
0.8943661971830986,0.1666666666666666,0.0116279069767441,0.0217391304347826,0.4976359338061466,A1Benchmark/real_21.csv
0.0739436619718309,1.0,0.0739436619718309,0.1377049180327869,0.4702154626108998,A1Benchmark/real_22.csv
0.0105633802816901,1.0,0.0105633802816901,0.0209059233449477,0.3849347568208778,A1Benchmark/real_23.csv
0.8620296465222349,0.2,0.0267857142857142,0.0472440944881889,0.5066898685228152,A1Benchmark/real_24.csv
0.718931475029036,0.4883720930232558,0.0871369294605809,0.1478873239436619,0.5405981691021777,A1Benchmark/real_25.csv
0.9372822299651568,0.9866666666666668,0.5826771653543307,0.7326732673267327,0.9629262086513996,A1Benchmark/real_26.csv
0.8996499416569428,0.5,0.0116279069767441,0.0227272727272727,0.6877192982456142,A1Benchmark/real_27.csv
0.96878612716763,0.9753086419753086,0.7596153846153846,0.8540540540540541,0.9713955026455026,A1Benchmark/real_28.csv
0.8069364161849711,0.8333333333333334,0.0292397660818713,0.0564971751412429,0.790454016298021,A1Benchmark/real_29.csv
0.8928164196123147,0.2857142857142857,0.0454545454545454,0.0784313725490196,0.5941897036914418,A1Benchmark/real_3.csv
0.9019384264538198,0.625,0.0568181818181818,0.1041666666666666,0.7647439585730725,A1Benchmark/real_30.csv
0.028004667444574,1.0,0.028004667444574,0.0544835414301929,0.4058373349339736,A1Benchmark/real_31.csv
0.9171528588098016,0.4680851063829787,0.3235294117647059,0.3826086956521739,0.8956002101392172,A1Benchmark/real_32.csv
0.0023148148148148,1.0,0.0023148148148148,0.0046189376443418,0.345707656612529,A1Benchmark/real_33.csv
0.9031505250875146,0.7142857142857143,0.0581395348837209,0.1075268817204301,0.8552941176470589,A1Benchmark/real_34.csv
0.0,0.0,0.0,0.0,,A1Benchmark/real_35.csv
0.0011402508551881,1.0,0.0011402508551881,0.0022779043280182,0.5,A1Benchmark/real_36.csv
0.9326364692218352,0.9117647058823528,0.3604651162790697,0.5166666666666666,0.915267799985774,A1Benchmark/real_37.csv
0.9743290548424738,0.1111111111111111,0.0666666666666666,0.0833333333333333,0.5410115303983228,A1Benchmark/real_38.csv
0.9054842473745623,0.75,0.0705882352941176,0.1290322580645161,0.8265606595995288,A1Benchmark/real_39.csv
0.0058548009367681,1.0,0.0058548009367681,0.0116414435389988,0.4163722025912839,A1Benchmark/real_4.csv
0.9894982497082848,0.9875,0.9080459770114944,0.9461077844311376,0.9878941441441442,A1Benchmark/real_40.csv
0.0023228803716608,1.0,0.0023228803716608,0.0046349942062572,0.3981373690337602,A1Benchmark/real_41.csv
0.0509259259259259,1.0,0.0509259259259259,0.0969162995594713,0.4658536585365853,A1Benchmark/real_42.csv
0.03125,1.0,0.03125,0.0606060606060606,0.4223416965352449,A1Benchmark/real_43.csv
0.9851767388825542,1.0,0.1333333333333333,0.2352941176470588,0.9925714285714284,A1Benchmark/real_44.csv
0.7557870370370371,1.0,0.0047169811320754,0.0093896713615023,0.7780996523754345,A1Benchmark/real_45.csv
0.9745664739884392,0.8073394495412844,0.9887640449438202,0.8888888888888888,0.9873731857676812,A1Benchmark/real_46.csv
0.823803967327888,0.5,0.0331125827814569,0.062111801242236,0.6364817001180637,A1Benchmark/real_47.csv
0.0,0.0,0.0,0.0,,A1Benchmark/real_48.csv
0.0,0.0,0.0,0.0,,A1Benchmark/real_49.csv
0.0,0.0,0.0,0.0,,A1Benchmark/real_5.csv
0.9050925925925926,1.0,0.0786516853932584,0.1458333333333333,0.9521586931155192,A1Benchmark/real_50.csv
0.8996499416569428,0.5,0.0232558139534883,0.0444444444444444,0.7850234466588512,A1Benchmark/real_51.csv
0.7802325581395348,0.3333333333333333,0.0161290322580645,0.0307692307692307,0.5284632458545502,A1Benchmark/real_52.csv
0.8620296465222349,0.2,0.0267857142857142,0.0472440944881889,0.5066898685228152,A1Benchmark/real_53.csv
0.0,0.0,0.0,0.0,,A1Benchmark/real_54.csv
0.8051341890315052,0.8,0.0235294117647058,0.0457142857142857,0.7658450704225352,A1Benchmark/real_55.csv
0.79463243873979,0.4,0.0114285714285714,0.0222222222222222,0.5977699530516433,A1Benchmark/real_56.csv
0.8959537572254336,0.3333333333333333,0.0112359550561797,0.0217391304347826,0.6117556071152358,A1Benchmark/real_57.csv
0.0499419279907084,1.0,0.0499419279907084,0.0951327433628318,0.3918092909535452,A1Benchmark/real_58.csv
0.0,0.0,0.0,0.0,,A1Benchmark/real_59.csv
0.0092592592592592,1.0,0.0092592592592592,0.018348623853211,0.5,A1Benchmark/real_6.csv
0.0125427594070695,1.0,0.0125427594070695,0.0247747747747747,0.3747113163972286,A1Benchmark/real_60.csv
0.0277456647398843,1.0,0.0277456647398843,0.0539932508436445,0.4940546967895363,A1Benchmark/real_61.csv
0.0089887640449438,1.0,0.0089887640449438,0.0178173719376392,0.2539682539682539,A1Benchmark/real_62.csv
0.0092592592592592,1.0,0.0092592592592592,0.018348623853211,0.2540887850467289,A1Benchmark/real_63.csv
0.0,0.0,0.0,0.0,,A1Benchmark/real_64.csv
0.9333333333333332,0.2941176470588235,0.1,0.1492537313432835,0.6178576442510179,A1Benchmark/real_65.csv
0.9134502923976608,0.6190476190476191,0.1645569620253164,0.26,0.7379810437364394,A1Benchmark/real_66.csv
0.870023419203747,0.7391304347826086,0.1393442622950819,0.2344827586206896,0.779757233296709,A1Benchmark/real_67.csv
0.0444964871194379,1.0,0.0444964871194379,0.085201793721973,0.4558823529411764,A1Benchmark/real_7.csv
0.0117370892018779,1.0,0.0117370892018779,0.0232018561484918,0.3871733966745843,A1Benchmark/real_8.csv
0.895096921322691,0.25,0.0227272727272727,0.0416666666666666,0.5604142692750288,A1Benchmark/real_9.csv
0.9050410316529894,0.5,0.0246913580246913,0.0470588235294117,0.7820965842167256,A2Benchmark/synthetic_1.csv
0.8980070339976554,1.0,0.0439560439560439,0.0842105263157894,0.9461130742049472,A2Benchmark/synthetic_10.csv
0.0046893317702227,1.0,0.0046893317702227,0.0093348891481913,0.3674911660777385,A2Benchmark/synthetic_100.csv
0.8862837045720985,0.5555555555555556,0.0510204081632653,0.0934579439252336,0.7129410215903107,A2Benchmark/synthetic_11.csv
0.8534583821805393,1.0,0.0079365079365079,0.0157480314960629,0.8796948356807512,A2Benchmark/synthetic_12.csv
0.9261430246189918,0.5,0.0317460317460317,0.0597014925373134,0.6884570082449941,A2Benchmark/synthetic_13.csv
0.0105509964830011,1.0,0.0105509964830011,0.0208816705336426,0.3898104265402843,A2Benchmark/synthetic_14.csv
0.9226260257913248,1.0,0.0149253731343283,0.0294117647058823,0.9612676056338028,A2Benchmark/synthetic_15.csv
0.8159437280187574,0.75,0.0188679245283018,0.0368098159509202,0.7551531213191991,A2Benchmark/synthetic_16.csv
0.9085580304806564,0.6666666666666666,0.074074074074074,0.1333333333333333,0.9279225908372828,A2Benchmark/synthetic_17.csv
0.9085580304806564,1.0,0.0126582278481012,0.0249999999999999,0.954225352112676,A2Benchmark/synthetic_18.csv
0.917936694021102,0.5,0.0285714285714285,0.054054054054054,0.6080683156654888,A2Benchmark/synthetic_19.csv
0.8475967174677609,1.0,0.0647482014388489,0.1216216216216216,0.9127172195892574,A2Benchmark/synthetic_2.csv
0.9320046893317704,0.6666666666666666,0.0983606557377049,0.1714285714285714,0.939178515007899,A2Benchmark/synthetic_20.csv
0.9085580304806564,1.0,0.0126582278481012,0.0249999999999999,0.954225352112676,A2Benchmark/synthetic_21.csv
0.0046893317702227,1.0,0.0046893317702227,0.0093348891481913,0.3875147232037691,A2Benchmark/synthetic_22.csv
0.8968347010550997,0.1111111111111111,0.0123456790123456,0.0222222222222222,0.4191679831490258,A2Benchmark/synthetic_23.csv
0.7819460726846424,1.0,0.0053475935828877,0.0106382978723404,0.8198356807511737,A2Benchmark/synthetic_24.csv
0.7831184056271981,1.0,0.0211640211640211,0.0414507772020725,0.8738221436984688,A2Benchmark/synthetic_25.csv
0.9273153575615476,0.6666666666666666,0.0923076923076923,0.1621621621621621,0.7553317535545024,A2Benchmark/synthetic_26.csv
0.9308323563892146,1.0,0.0166666666666666,0.0327868852459016,0.96537558685446,A2Benchmark/synthetic_27.csv
0.0046893317702227,1.0,0.0046893317702227,0.0093348891481913,0.3881036513545347,A2Benchmark/synthetic_28.csv
0.0105509964830011,1.0,0.0105509964830011,0.0208816705336426,0.4028436018957346,A2Benchmark/synthetic_29.csv
0.9495896834701056,1.0,0.0227272727272727,0.0444444444444444,0.9747652582159624,A2Benchmark/synthetic_3.csv
0.9062133645955452,1.0,0.0123456790123456,0.024390243902439,0.9530516431924884,A2Benchmark/synthetic_30.csv
0.9062133645955452,0.5,0.025,0.0476190476190476,0.6625441696113074,A2Benchmark/synthetic_31.csv
0.9202813599062134,0.3333333333333333,0.0461538461538461,0.081081081081081,0.5098736176935229,A2Benchmark/synthetic_32.csv
0.924970691676436,1.0,0.0153846153846153,0.0303030303030303,0.9624413145539906,A2Benchmark/synthetic_33.csv
0.9284876905041032,0.5,0.0327868852459016,0.0615384615384615,0.6704946996466431,A2Benchmark/synthetic_34.csv
0.0105509964830011,1.0,0.0105509964830011,0.0208816705336426,0.3447867298578199,A2Benchmark/synthetic_35.csv
0.9120750293083236,1.0,0.0131578947368421,0.0259740259740259,0.9559859154929576,A2Benchmark/synthetic_36.csv
0.0046893317702227,1.0,0.0046893317702227,0.0093348891481913,0.3498233215547703,A2Benchmark/synthetic_37.csv
0.9085580304806564,0.6666666666666666,0.074074074074074,0.1333333333333333,0.9273301737756714,A2Benchmark/synthetic_38.csv
0.9073856975381008,1.0,0.0125,0.0246913580246913,0.953638497652582,A2Benchmark/synthetic_39.csv
0.8968347010550997,1.0,0.0434782608695652,0.0833333333333333,0.940223792697291,A2Benchmark/synthetic_4.csv
0.6166471277842908,0.75,0.0091185410334346,0.018018018018018,0.6076266195524146,A2Benchmark/synthetic_40.csv
0.9284876905041032,0.3333333333333333,0.0517241379310344,0.0895522388059701,0.6656134807793577,A2Benchmark/synthetic_41.csv
0.0011723329425556,1.0,0.0011723329425556,0.0023419203747072,0.3556338028169014,A2Benchmark/synthetic_42.csv
0.0046893317702227,1.0,0.0046893317702227,0.0093348891481913,0.4104829210836278,A2Benchmark/synthetic_43.csv
0.0105509964830011,1.0,0.0105509964830011,0.0208816705336426,0.3145734597156397,A2Benchmark/synthetic_44.csv
0.9202813599062134,1.0,0.0144927536231884,0.0285714285714285,0.960093896713615,A2Benchmark/synthetic_45.csv
0.9050410316529894,0.5,0.0246913580246913,0.0470588235294117,0.767962308598351,A2Benchmark/synthetic_46.csv
0.8253223915592028,0.5555555555555556,0.0333333333333333,0.0628930817610062,0.6244734070563456,A2Benchmark/synthetic_47.csv
0.9296600234466588,1.0,0.0163934426229508,0.032258064516129,0.9647887323943662,A2Benchmark/synthetic_48.csv
0.0046893317702227,1.0,0.0046893317702227,0.0093348891481913,0.3415783274440518,A2Benchmark/synthetic_49.csv
0.8323563892145369,0.8888888888888888,0.0533333333333333,0.10062893081761,0.8468931016324381,A2Benchmark/synthetic_5.csv
0.0105509964830011,1.0,0.0105509964830011,0.0208816705336426,0.4135071090047393,A2Benchmark/synthetic_50.csv
0.9085580304806564,1.0,0.0126582278481012,0.0249999999999999,0.954225352112676,A2Benchmark/synthetic_51.csv
0.9062133645955452,0.5,0.025,0.0476190476190476,0.6216136631330977,A2Benchmark/synthetic_52.csv
0.0105509964830011,1.0,0.0105509964830011,0.0208816705336426,0.2636255924170616,A2Benchmark/synthetic_53.csv
0.9226260257913248,1.0,0.0149253731343283,0.0294117647058823,0.961267605633803,A2Benchmark/synthetic_54.csv
0.8112543962485346,0.5,0.0124223602484472,0.0242424242424242,0.627944640753828,A2Benchmark/synthetic_55.csv
0.0105509964830011,1.0,0.0105509964830011,0.0208816705336426,0.3554502369668246,A2Benchmark/synthetic_56.csv
0.9085580304806564,1.0,0.0126582278481012,0.0249999999999999,0.954225352112676,A2Benchmark/synthetic_57.csv
0.0046893317702227,1.0,0.0046893317702227,0.0093348891481913,0.300942285041225,A2Benchmark/synthetic_58.csv
0.0105509964830011,1.0,0.0105509964830011,0.0208816705336426,0.3151658767772511,A2Benchmark/synthetic_59.csv
0.9507620164126612,1.0,0.0232558139534883,0.0454545454545454,0.9753521126760564,A2Benchmark/synthetic_6.csv
0.9155920281359906,1.0,0.0136986301369863,0.027027027027027,0.9577464788732396,A2Benchmark/synthetic_60.csv
0.9237983587338804,0.5,0.0307692307692307,0.0579710144927536,0.875736160188457,A2Benchmark/synthetic_61.csv
0.8194607268464243,0.6666666666666666,0.0382165605095541,0.072289156626506,0.7272906793048972,A2Benchmark/synthetic_62.csv
0.9062133645955452,1.0,0.0123456790123456,0.024390243902439,0.9530516431924884,A2Benchmark/synthetic_63.csv
0.0046893317702227,1.0,0.0046893317702227,0.0093348891481913,0.3633686690223793,A2Benchmark/synthetic_64.csv
0.9085580304806564,0.6666666666666666,0.074074074074074,0.1333333333333333,0.7776461295418641,A2Benchmark/synthetic_65.csv
0.9531066822977726,1.0,0.024390243902439,0.0476190476190476,0.9765258215962442,A2Benchmark/synthetic_66.csv
0.9073856975381008,0.5,0.0253164556962025,0.0481927710843373,0.8297997644287398,A2Benchmark/synthetic_67.csv
0.9495896834701056,0.3333333333333333,0.075,0.1224489795918367,0.901987888362296,A2Benchmark/synthetic_68.csv
0.9003516998827668,1.0,0.0116279069767441,0.0229885057471264,0.9501173708920188,A2Benchmark/synthetic_69.csv
0.9050410316529894,0.5,0.0246913580246913,0.0470588235294117,0.6569493521790342,A2Benchmark/synthetic_7.csv
0.8851113716295428,0.5,0.0204081632653061,0.0392156862745097,0.661660777385159,A2Benchmark/synthetic_70.csv
0.7702227432590856,1.0,0.0439024390243902,0.0841121495327102,0.8590047393364928,A2Benchmark/synthetic_71.csv
0.9062133645955452,1.0,0.0123456790123456,0.024390243902439,0.9530516431924884,A2Benchmark/synthetic_72.csv
0.910902696365768,0.5,0.0263157894736842,0.05,0.6684334511189635,A2Benchmark/synthetic_73.csv
0.9085580304806564,0.6666666666666666,0.074074074074074,0.1333333333333333,0.7553317535545023,A2Benchmark/synthetic_74.csv
0.9273153575615476,1.0,0.0158730158730158,0.03125,0.9636150234741784,A2Benchmark/synthetic_75.csv
0.8335287221570926,0.5,0.0140845070422535,0.0273972602739726,0.6553297997644287,A2Benchmark/synthetic_76.csv
0.9085580304806564,0.6666666666666666,0.074074074074074,0.1333333333333333,0.7691548183254344,A2Benchmark/synthetic_77.csv
0.9226260257913248,1.0,0.0149253731343283,0.0294117647058823,0.9612676056338028,A2Benchmark/synthetic_78.csv
0.0046893317702227,1.0,0.0046893317702227,0.0093348891481913,0.4004711425206125,A2Benchmark/synthetic_79.csv
0.7268464243845252,1.0,0.0371900826446281,0.0717131474103585,0.8280015797788309,A2Benchmark/synthetic_8.csv
0.9085580304806564,0.6666666666666666,0.074074074074074,0.1333333333333333,0.9273301737756714,A2Benchmark/synthetic_80.csv
0.9062133645955452,1.0,0.0123456790123456,0.024390243902439,0.9530516431924884,A2Benchmark/synthetic_81.csv
0.9167643610785464,0.5,0.028169014084507,0.0533333333333333,0.6089517078916372,A2Benchmark/synthetic_82.csv
0.8980070339976554,0.6666666666666666,0.0666666666666666,0.1212121212121212,0.7756714060031594,A2Benchmark/synthetic_83.csv
0.9085580304806564,1.0,0.0126582278481012,0.0249999999999999,0.954225352112676,A2Benchmark/synthetic_84.csv
0.0046893317702227,1.0,0.0046893317702227,0.0093348891481913,0.4222614840989399,A2Benchmark/synthetic_85.csv
0.0105509964830011,1.0,0.0105509964830011,0.0208816705336426,0.3803317535545024,A2Benchmark/synthetic_86.csv
0.9214536928487692,1.0,0.0147058823529411,0.0289855072463768,0.9606807511737088,A2Benchmark/synthetic_87.csv
0.0046893317702227,1.0,0.0046893317702227,0.0093348891481913,0.3303886925795053,A2Benchmark/synthetic_88.csv
0.9097303634232122,0.3333333333333333,0.0405405405405405,0.072289156626506,0.5416666666666666,A2Benchmark/synthetic_89.csv
0.9062133645955452,1.0,0.0123456790123456,0.024390243902439,0.953051643192488,A2Benchmark/synthetic_9.csv
0.9062133645955452,1.0,0.0123456790123456,0.024390243902439,0.9530516431924884,A2Benchmark/synthetic_90.csv
0.0046893317702227,1.0,0.0046893317702227,0.0093348891481913,0.4346289752650176,A2Benchmark/synthetic_91.csv
0.0105509964830011,1.0,0.0105509964830011,0.0208816705336426,0.4295023696682464,A2Benchmark/synthetic_92.csv
0.9062133645955452,1.0,0.0123456790123456,0.024390243902439,0.9530516431924884,A2Benchmark/synthetic_93.csv
0.9050410316529894,0.5,0.0246913580246913,0.0470588235294117,0.6389870435806831,A2Benchmark/synthetic_94.csv
0.779601406799531,0.6666666666666666,0.031413612565445,0.0599999999999999,0.638823064770932,A2Benchmark/synthetic_95.csv
0.924970691676436,1.0,0.0153846153846153,0.0303030303030303,0.9624413145539906,A2Benchmark/synthetic_96.csv
0.0046893317702227,1.0,0.0046893317702227,0.0093348891481913,0.4334511189634864,A2Benchmark/synthetic_97.csv
0.8147713950762017,0.6666666666666666,0.0372670807453416,0.0705882352941176,0.7035939968404422,A2Benchmark/synthetic_98.csv
0.9085580304806564,1.0,0.0126582278481012,0.0249999999999999,0.954225352112676,A2Benchmark/synthetic_99.csv
0.9087301587301588,0.5,0.0326086956521739,0.0612244897959183,0.8251829673985362,A3Benchmark/A3Benchmark-TS1.csv
0.9087301587301588,0.5,0.0434782608695652,0.08,0.7465,A3Benchmark/A3Benchmark-TS10.csv
0.9950396825396826,0.2,0.5,0.2857142857142857,0.6920239282153539,A3Benchmark/A3Benchmark-TS100.csv
0.9861111111111112,0.3333333333333333,0.0769230769230769,0.125,0.7945273631840796,A3Benchmark/A3Benchmark-TS11.csv
0.929563492063492,0.2222222222222222,0.0303030303030303,0.0533333333333333,0.6113335557780002,A3Benchmark/A3Benchmark-TS12.csv
0.8333333333333334,0.8333333333333334,0.0290697674418604,0.0561797752808988,0.8275116433799069,A3Benchmark/A3Benchmark-TS13.csv
0.921626984126984,0.3333333333333333,0.0533333333333333,0.0919540229885057,0.6307730923694779,A3Benchmark/A3Benchmark-TS14.csv
0.9087301587301588,0.5,0.0217391304347826,0.0416666666666666,0.6957171314741035,A3Benchmark/A3Benchmark-TS15.csv
0.8591269841269841,0.6666666666666666,0.0277777777777777,0.0533333333333333,0.8181969394544245,A3Benchmark/A3Benchmark-TS16.csv
0.9831349206349206,1.0,0.0555555555555555,0.1052631578947368,0.9915590863952336,A3Benchmark/A3Benchmark-TS17.csv
0.8978174603174603,0.5,0.029126213592233,0.055045871559633,0.6960246174318031,A3Benchmark/A3Benchmark-TS18.csv
0.8224206349206349,0.8333333333333334,0.0273224043715847,0.0529100529100529,0.821523619427811,A3Benchmark/A3Benchmark-TS19.csv
0.8313492063492064,0.4615384615384615,0.0355029585798816,0.0659340659340659,0.6708929261693081,A3Benchmark/A3Benchmark-TS2.csv
0.8958333333333334,0.7142857142857143,0.0462962962962962,0.0869565217391304,0.8039817325531612,A3Benchmark/A3Benchmark-TS20.csv
0.8928571428571429,0.5,0.037037037037037,0.0689655172413793,0.6933750000000001,A3Benchmark/A3Benchmark-TS21.csv
0.8571428571428571,1.0,0.027027027027027,0.0526315789473684,0.9138446215139442,A3Benchmark/A3Benchmark-TS22.csv
0.8005952380952381,0.5,0.0298507462686567,0.056338028169014,0.6424029451137885,A3Benchmark/A3Benchmark-TS23.csv
0.8204365079365079,1.0,0.0320855614973262,0.0621761658031088,0.8899700598802396,A3Benchmark/A3Benchmark-TS24.csv
0.9861111111111112,0.5,0.0714285714285714,0.125,0.7181908548707753,A3Benchmark/A3Benchmark-TS25.csv
0.8025793650793651,1.0,0.0292682926829268,0.0568720379146919,0.8839820359281437,A3Benchmark/A3Benchmark-TS26.csv
0.984126984126984,0.25,0.0714285714285714,0.1111111111111111,0.8240786852589641,A3Benchmark/A3Benchmark-TS27.csv
0.9890873015873016,1.0,0.0833333333333333,0.1538461538461538,0.9945382323733862,A3Benchmark/A3Benchmark-TS28.csv
0.9146825396825397,0.3333333333333333,0.0117647058823529,0.0227272727272727,0.6142620232172471,A3Benchmark/A3Benchmark-TS29.csv
0.9821428571428572,0.25,0.0625,0.1,0.588769920318725,A3Benchmark/A3Benchmark-TS3.csv
0.8888888888888888,0.8,0.0347826086956521,0.0666666666666666,0.8391824526420737,A3Benchmark/A3Benchmark-TS30.csv
0.0049603174603174,1.0,0.0049603174603174,0.0098716683119447,0.5,A3Benchmark/A3Benchmark-TS31.csv
0.9126984126984128,0.3636363636363636,0.0470588235294117,0.0833333333333333,0.628430746785812,A3Benchmark/A3Benchmark-TS32.csv
0.9623015873015872,0.4,0.054054054054054,0.0952380952380952,0.7686939182452642,A3Benchmark/A3Benchmark-TS33.csv
0.0,0.0,0.0,0.0,,A3Benchmark/A3Benchmark-TS34.csv
0.9097222222222222,0.5,0.0109890109890109,0.021505376344086,0.6995526838966203,A3Benchmark/A3Benchmark-TS35.csv
0.9117063492063492,0.6666666666666666,0.0222222222222222,0.043010752688172,0.7864013266998341,A3Benchmark/A3Benchmark-TS36.csv
0.0059523809523809,1.0,0.0059523809523809,0.0118343195266272,0.5,A3Benchmark/A3Benchmark-TS37.csv
0.984126984126984,1.0,0.0588235294117647,0.1111111111111111,0.9920556107249254,A3Benchmark/A3Benchmark-TS38.csv
0.9087301587301588,0.4285714285714285,0.0329670329670329,0.0612244897959183,0.7729413443699159,A3Benchmark/A3Benchmark-TS39.csv
0.9811507936507936,0.1666666666666666,0.0666666666666666,0.0952380952380952,0.7964071856287426,A3Benchmark/A3Benchmark-TS4.csv
0.91765873015873,0.5,0.036144578313253,0.0674157303370786,0.7747005988023952,A3Benchmark/A3Benchmark-TS40.csv
0.9136904761904762,0.3333333333333333,0.0357142857142857,0.064516129032258,0.6631075519964409,A3Benchmark/A3Benchmark-TS41.csv
0.9811507936507936,0.1666666666666666,0.0666666666666666,0.0952380952380952,0.647039254823686,A3Benchmark/A3Benchmark-TS42.csv
0.935515873015873,0.5,0.0461538461538461,0.0845070422535211,0.7120758483033932,A3Benchmark/A3Benchmark-TS43.csv
0.9057539682539684,0.2727272727272727,0.0333333333333333,0.0594059405940594,0.5879912464666727,A3Benchmark/A3Benchmark-TS44.csv
0.9057539682539684,0.4,0.0212765957446808,0.0404040404040404,0.6490528414755733,A3Benchmark/A3Benchmark-TS45.csv
0.988095238095238,0.5,0.0833333333333333,0.1428571428571428,0.7191848906560636,A3Benchmark/A3Benchmark-TS46.csv
0.9057539682539684,0.3333333333333333,0.0326086956521739,0.0594059405940594,0.6428094761428095,A3Benchmark/A3Benchmark-TS47.csv
0.9652777777777778,0.4,0.0588235294117647,0.1025641025641025,0.6823529411764706,A3Benchmark/A3Benchmark-TS48.csv
0.9285714285714286,0.3333333333333333,0.0434782608695652,0.0769230769230769,0.6250695139584028,A3Benchmark/A3Benchmark-TS49.csv
0.8720238095238095,1.0,0.015267175572519,0.0300751879699248,0.918489065606362,A3Benchmark/A3Benchmark-TS5.csv
0.8759920634920635,0.5,0.024,0.0458015267175572,0.7928310046573521,A3Benchmark/A3Benchmark-TS50.csv
0.8561507936507936,0.4,0.0279720279720279,0.0522875816993464,0.6244488977955911,A3Benchmark/A3Benchmark-TS51.csv
0.9117063492063492,0.6666666666666666,0.0222222222222222,0.043010752688172,0.7890547263681591,A3Benchmark/A3Benchmark-TS52.csv
0.7767857142857143,0.7272727272727273,0.0347826086956521,0.0663900414937759,0.7445518373301724,A3Benchmark/A3Benchmark-TS53.csv
0.816468253968254,0.4444444444444444,0.0217391304347826,0.0414507772020725,0.6301301301301302,A3Benchmark/A3Benchmark-TS54.csv
0.9761904761904762,0.1666666666666666,0.05,0.0769230769230769,0.5699434464404525,A3Benchmark/A3Benchmark-TS55.csv
0.9097222222222222,1.0,0.0108695652173913,0.021505376344086,0.954816285998014,A3Benchmark/A3Benchmark-TS56.csv
0.9811507936507936,0.5,0.0526315789473684,0.0952380952380952,0.7403081510934393,A3Benchmark/A3Benchmark-TS57.csv
0.9097222222222222,0.5,0.0109890109890109,0.021505376344086,0.9023359840954274,A3Benchmark/A3Benchmark-TS58.csv
0.9047619047619048,0.25,0.0106382978723404,0.0204081632653061,0.5521663346613546,A3Benchmark/A3Benchmark-TS59.csv
0.9107142857142856,0.6666666666666666,0.0219780219780219,0.0425531914893617,0.7817578772802652,A3Benchmark/A3Benchmark-TS6.csv
0.9057539682539684,0.5,0.031578947368421,0.0594059405940594,0.690119760479042,A3Benchmark/A3Benchmark-TS60.csv
0.8869047619047619,0.5714285714285714,0.0347826086956521,0.0655737704918032,0.7274867989153704,A3Benchmark/A3Benchmark-TS61.csv
0.9017857142857144,0.4285714285714285,0.0306122448979591,0.0571428571428571,0.6576280861995148,A3Benchmark/A3Benchmark-TS62.csv
0.8809523809523809,0.375,0.0254237288135593,0.0476190476190476,0.620125,A3Benchmark/A3Benchmark-TS63.csv
0.8492063492063492,0.8,0.0258064516129032,0.05,0.8185443668993021,A3Benchmark/A3Benchmark-TS64.csv
0.9861111111111112,0.2,0.0909090909090909,0.125,0.664705882352941,A3Benchmark/A3Benchmark-TS65.csv
0.988095238095238,1.0,0.0769230769230769,0.1428571428571428,0.9940417080436942,A3Benchmark/A3Benchmark-TS66.csv
0.9077380952380952,0.4285714285714285,0.0326086956521739,0.0606060606060606,0.7778649921507065,A3Benchmark/A3Benchmark-TS67.csv
0.7896825396825397,0.5384615384615384,0.0328638497652582,0.0619469026548672,0.6626981059141863,A3Benchmark/A3Benchmark-TS68.csv
0.8640873015873016,0.75,0.0215827338129496,0.0419580419580419,0.8071464143426295,A3Benchmark/A3Benchmark-TS69.csv
0.8928571428571429,0.6666666666666666,0.018348623853211,0.0357142857142857,0.7683250414593698,A3Benchmark/A3Benchmark-TS7.csv
0.8918650793650794,0.6666666666666666,0.036036036036036,0.0683760683760683,0.7767797737857618,A3Benchmark/A3Benchmark-TS70.csv
0.8799603174603174,0.3,0.0256410256410256,0.0472440944881889,0.668687374749499,A3Benchmark/A3Benchmark-TS71.csv
0.0009920634920634,1.0,0.0009920634920634,0.0019821605550049,0.5,A3Benchmark/A3Benchmark-TS72.csv
0.8541666666666666,0.4166666666666667,0.0344827586206896,0.0636942675159235,0.6306057563587685,A3Benchmark/A3Benchmark-TS73.csv
0.9523809523809524,0.75,0.06,0.1111111111111111,0.9641434262948207,A3Benchmark/A3Benchmark-TS74.csv
0.9156746031746033,0.4444444444444444,0.0476190476190476,0.086021505376344,0.679957735513291,A3Benchmark/A3Benchmark-TS75.csv
0.8402777777777778,0.75,0.0184049079754601,0.0359281437125748,0.7807519920318725,A3Benchmark/A3Benchmark-TS76.csv
0.8541666666666666,0.4615384615384615,0.0410958904109589,0.0754716981132075,0.6800927715500579,A3Benchmark/A3Benchmark-TS77.csv
0.7857142857142857,0.7777777777777778,0.0316742081447963,0.0608695652173913,0.7780002224446667,A3Benchmark/A3Benchmark-TS78.csv
0.9087301587301588,0.5,0.0217391304347826,0.0416666666666666,0.6989541832669323,A3Benchmark/A3Benchmark-TS79.csv
0.9027777777777778,0.6666666666666666,0.0202020202020202,0.0392156862745098,0.7623548922056385,A3Benchmark/A3Benchmark-TS8.csv
0.9087301587301588,0.4,0.0219780219780219,0.0416666666666666,0.6478564307078764,A3Benchmark/A3Benchmark-TS80.csv
0.9087301587301588,0.3333333333333333,0.0337078651685393,0.0612244897959183,0.6226226226226226,A3Benchmark/A3Benchmark-TS81.csv
0.9523809523809524,0.1428571428571428,0.0232558139534883,0.04,0.589553303839018,A3Benchmark/A3Benchmark-TS82.csv
0.9067460317460316,0.3333333333333333,0.0329670329670329,0.06,0.7240573907240574,A3Benchmark/A3Benchmark-TS83.csv
0.988095238095238,1.0,0.0769230769230769,0.1428571428571428,0.994041708043694,A3Benchmark/A3Benchmark-TS84.csv
0.9404761904761904,0.4,0.0338983050847457,0.0625,0.739581256231306,A3Benchmark/A3Benchmark-TS85.csv
0.9136904761904762,0.3333333333333333,0.0357142857142857,0.064516129032258,0.7399621844066289,A3Benchmark/A3Benchmark-TS86.csv
0.9107142857142856,0.6666666666666666,0.0219780219780219,0.0425531914893617,0.7850746268656716,A3Benchmark/A3Benchmark-TS87.csv
0.8244047619047619,0.5,0.0225988700564971,0.0432432432432432,0.6975,A3Benchmark/A3Benchmark-TS88.csv
0.0059523809523809,1.0,0.0059523809523809,0.0118343195266272,0.4870259481037924,A3Benchmark/A3Benchmark-TS89.csv
0.9632936507936508,0.4,0.0555555555555555,0.097560975609756,0.6830508474576271,A3Benchmark/A3Benchmark-TS9.csv
0.8005952380952381,0.5,0.0149253731343283,0.0289855072463768,0.6403858948769129,A3Benchmark/A3Benchmark-TS90.csv
0.9831349206349206,0.5,0.0588235294117647,0.1052631578947368,0.7350894632206759,A3Benchmark/A3Benchmark-TS91.csv
0.0029761904761904,1.0,0.0029761904761904,0.0059347181008902,0.5,A3Benchmark/A3Benchmark-TS92.csv
0.9057539682539684,0.3333333333333333,0.0326086956521739,0.0594059405940594,0.6514292069847625,A3Benchmark/A3Benchmark-TS93.csv
0.988095238095238,0.5,0.0833333333333333,0.1428571428571428,0.7293737574552683,A3Benchmark/A3Benchmark-TS94.csv
0.9543650793650794,0.2222222222222222,0.048780487804878,0.08,0.5903681459237016,A3Benchmark/A3Benchmark-TS95.csv
0.9166666666666666,0.5,0.0238095238095238,0.0454545454545454,0.697211155378486,A3Benchmark/A3Benchmark-TS96.csv
0.9811507936507936,0.3333333333333333,0.0555555555555555,0.0952380952380952,0.8144278606965174,A3Benchmark/A3Benchmark-TS97.csv
0.953373015873016,0.2857142857142857,0.0454545454545454,0.0784313725490196,0.6788211788211788,A3Benchmark/A3Benchmark-TS98.csv
0.8898809523809523,0.5,0.036036036036036,0.0672268907563025,0.7866875,A3Benchmark/A3Benchmark-TS99.csv
0.8442460317460317,0.375,0.0193548387096774,0.0368098159509202,0.603625,A4Benchmark/A4Benchmark-TS1.csv
0.8799603174603174,1.0,0.0241935483870967,0.0472440944881889,0.9371475953565506,A4Benchmark/A4Benchmark-TS10.csv
0.9692460317460316,0.5,0.064516129032258,0.1142857142857143,0.8219621513944223,A4Benchmark/A4Benchmark-TS100.csv
0.8442460317460317,0.8,0.025,0.0484848484848484,0.8013958125623131,A4Benchmark/A4Benchmark-TS11.csv
0.8621031746031746,0.75,0.0212765957446808,0.0413793103448275,0.7893426294820717,A4Benchmark/A4Benchmark-TS12.csv
0.929563492063492,0.2857142857142857,0.0294117647058823,0.0533333333333333,0.609533323819038,A4Benchmark/A4Benchmark-TS13.csv
0.0059523809523809,1.0,0.0059523809523809,0.0118343195266272,0.4540918163672655,A4Benchmark/A4Benchmark-TS14.csv
0.9097222222222222,0.5,0.0219780219780219,0.0421052631578947,0.807644422310757,A4Benchmark/A4Benchmark-TS15.csv
0.0,0.0,0.0,0.0,,A4Benchmark/A4Benchmark-TS16.csv
0.8670634920634921,1.0,0.0359712230215827,0.0694444444444444,0.9306081754735792,A4Benchmark/A4Benchmark-TS17.csv
0.8323412698412699,1.0,0.0058823529411764,0.0116959064327485,0.8704071499503476,A4Benchmark/A4Benchmark-TS18.csv
0.8005952380952381,0.75,0.0292682926829268,0.056338028169014,0.7645624999999999,A4Benchmark/A4Benchmark-TS19.csv
0.9275793650793652,0.5,0.0273972602739726,0.0519480519480519,0.709910358565737,A4Benchmark/A4Benchmark-TS2.csv
0.808531746031746,0.5714285714285714,0.0206185567010309,0.0398009950248756,0.6788925360353932,A4Benchmark/A4Benchmark-TS20.csv
0.8392857142857143,0.6666666666666666,0.0363636363636363,0.0689655172413793,0.7478589700811923,A4Benchmark/A4Benchmark-TS21.csv
0.8690476190476191,0.6666666666666666,0.0150375939849624,0.0294117647058823,0.7343283582089553,A4Benchmark/A4Benchmark-TS22.csv
0.9672619047619048,1.0,0.0571428571428571,0.1081081081081081,0.9835984095427436,A4Benchmark/A4Benchmark-TS23.csv
0.8928571428571429,0.4,0.0186915887850467,0.0357142857142857,0.6331006979062811,A4Benchmark/A4Benchmark-TS24.csv
0.0039682539682539,1.0,0.0039682539682539,0.0079051383399209,0.5,A4Benchmark/A4Benchmark-TS25.csv
0.8948412698412699,1.0,0.0185185185185185,0.0363636363636363,0.9271868787276344,A4Benchmark/A4Benchmark-TS26.csv
0.878968253968254,0.5555555555555556,0.040650406504065,0.0757575757575757,0.7043710377043712,A4Benchmark/A4Benchmark-TS27.csv
0.7817460317460317,0.75,0.0267857142857142,0.0517241379310344,0.756375,A4Benchmark/A4Benchmark-TS28.csv
0.8432539682539683,0.5,0.0316455696202531,0.0595238095238095,0.7381763527054107,A4Benchmark/A4Benchmark-TS29.csv
0.9553571428571428,0.25,0.0232558139534883,0.0425531914893617,0.5976095617529881,A4Benchmark/A4Benchmark-TS3.csv
0.9384920634920636,0.5,0.0161290322580645,0.03125,0.7186878727634196,A4Benchmark/A4Benchmark-TS30.csv
0.0019841269841269,1.0,0.0019841269841269,0.0039603960396039,0.5,A4Benchmark/A4Benchmark-TS31.csv
0.9811507936507936,0.1428571428571428,0.0714285714285714,0.0952380952380952,0.5645069216497788,A4Benchmark/A4Benchmark-TS32.csv
0.8412698412698413,1.0,0.0184049079754601,0.036144578313253,0.8728026533996682,A4Benchmark/A4Benchmark-TS33.csv
0.0029761904761904,1.0,0.0029761904761904,0.0059347181008902,0.5,A4Benchmark/A4Benchmark-TS34.csv
0.984126984126984,0.2,0.0769230769230769,0.1111111111111111,0.6848454636091724,A4Benchmark/A4Benchmark-TS35.csv
0.6656746031746031,0.75,0.0262390670553935,0.0507042253521126,0.6759538152610443,A4Benchmark/A4Benchmark-TS36.csv
0.9851190476190476,0.3333333333333333,0.0714285714285714,0.1176470588235294,0.6575456053067994,A4Benchmark/A4Benchmark-TS37.csv
0.9821428571428572,0.1666666666666666,0.0714285714285714,0.1,0.5768463073852296,A4Benchmark/A4Benchmark-TS38.csv
0.8442460317460317,0.4166666666666667,0.032258064516129,0.059880239520958,0.6243724899598395,A4Benchmark/A4Benchmark-TS39.csv
0.9811507936507936,0.1666666666666666,0.0666666666666666,0.0952380952380952,0.7964071856287426,A4Benchmark/A4Benchmark-TS4.csv
0.9226190476190476,0.6666666666666666,0.0253164556962025,0.048780487804878,0.7859038142620232,A4Benchmark/A4Benchmark-TS40.csv
0.9117063492063492,0.25,0.0235294117647058,0.043010752688172,0.571375,A4Benchmark/A4Benchmark-TS41.csv
0.0009920634920634,1.0,0.0009920634920634,0.0019821605550049,0.4543197616683218,A4Benchmark/A4Benchmark-TS42.csv
0.8581349206349206,0.1666666666666666,0.0071942446043165,0.0137931034482758,0.5040751829673986,A4Benchmark/A4Benchmark-TS43.csv
0.9613095238095238,0.1666666666666666,0.064516129032258,0.0930232558139534,0.5686495983935743,A4Benchmark/A4Benchmark-TS44.csv
0.9375,0.3333333333333333,0.0327868852459016,0.0597014925373134,0.6368928809048569,A4Benchmark/A4Benchmark-TS45.csv
0.871031746031746,0.375,0.0234375,0.0441176470588235,0.621125,A4Benchmark/A4Benchmark-TS46.csv
0.8878968253968254,1.0,0.0087719298245614,0.017391304347826,0.8977159880834161,A4Benchmark/A4Benchmark-TS47.csv
0.9821428571428572,0.2,0.0666666666666666,0.1,0.5930209371884346,A4Benchmark/A4Benchmark-TS48.csv
0.9186507936507936,0.4285714285714285,0.037037037037037,0.0681818181818181,0.7798629941487085,A4Benchmark/A4Benchmark-TS49.csv
0.9087301587301588,0.5,0.0108695652173913,0.0212765957446808,0.6963220675944334,A4Benchmark/A4Benchmark-TS5.csv
0.8432539682539683,0.6,0.0188679245283018,0.0365853658536585,0.7080757726819541,A4Benchmark/A4Benchmark-TS50.csv
0.933531746031746,1.0,0.0147058823529411,0.0289855072463768,0.9667328699106256,A4Benchmark/A4Benchmark-TS51.csv
0.8303571428571429,0.5555555555555556,0.0290697674418604,0.0552486187845303,0.6867979090201313,A4Benchmark/A4Benchmark-TS52.csv
0.9107142857142856,1.0,0.0109890109890109,0.0217391304347826,0.955312810327706,A4Benchmark/A4Benchmark-TS53.csv
0.953373015873016,1.0,0.0408163265306122,0.0784313725490195,0.9766401590457257,A4Benchmark/A4Benchmark-TS54.csv
0.7222222222222222,1.0,0.0070921985815602,0.0140845070422535,0.7666500994035785,A4Benchmark/A4Benchmark-TS55.csv
0.8412698412698413,0.2,0.0129870129870129,0.024390243902439,0.5122244488977956,A4Benchmark/A4Benchmark-TS56.csv
0.98015873015873,0.4,0.1052631578947368,0.1666666666666666,0.6889332003988036,A4Benchmark/A4Benchmark-TS57.csv
0.8521825396825397,0.75,0.0198675496688741,0.0387096774193548,0.7808764940239044,A4Benchmark/A4Benchmark-TS58.csv
0.8928571428571429,1.0,0.0091743119266055,0.0181818181818181,0.8997020854021847,A4Benchmark/A4Benchmark-TS59.csv
0.9821428571428572,0.6666666666666666,0.1052631578947368,0.1818181818181818,0.823714759535655,A4Benchmark/A4Benchmark-TS6.csv
0.9890873015873016,0.5,0.0909090909090909,0.1538461538461538,0.7144632206759444,A4Benchmark/A4Benchmark-TS60.csv
0.9097222222222222,1.0,0.0108695652173913,0.021505376344086,0.954816285998014,A4Benchmark/A4Benchmark-TS61.csv
0.9017857142857144,0.1428571428571428,0.0106382978723404,0.0198019801980198,0.5236905951191665,A4Benchmark/A4Benchmark-TS62.csv
0.0019841269841269,1.0,0.0019841269841269,0.0039603960396039,0.5,A4Benchmark/A4Benchmark-TS63.csv
0.9851190476190476,0.25,0.0769230769230769,0.1176470588235294,0.8197211155378485,A4Benchmark/A4Benchmark-TS64.csv
0.8521825396825397,0.5,0.0335570469798657,0.0628930817610062,0.6764028056112225,A4Benchmark/A4Benchmark-TS65.csv
0.0,0.0,0.0,0.0,,A4Benchmark/A4Benchmark-TS66.csv
0.7946428571428571,0.5,0.0241545893719806,0.0460829493087557,0.6468436873747495,A4Benchmark/A4Benchmark-TS67.csv
0.9117063492063492,1.0,0.0111111111111111,0.0219780219780219,0.9558093346573984,A4Benchmark/A4Benchmark-TS68.csv
0.8948412698412699,1.0,0.0093457943925233,0.0185185185185185,0.8997020854021847,A4Benchmark/A4Benchmark-TS69.csv
0.9047619047619048,0.1428571428571428,0.0109890109890109,0.0204081632653061,0.5256172399029542,A4Benchmark/A4Benchmark-TS7.csv
0.8382936507936508,1.0,0.0121212121212121,0.0239520958083832,0.9145129224652088,A4Benchmark/A4Benchmark-TS70.csv
0.8680555555555556,0.5,0.0225563909774436,0.0431654676258992,0.6741516966067864,A4Benchmark/A4Benchmark-TS71.csv
0.9871031746031746,0.5,0.0769230769230769,0.1333333333333333,0.7440357852882703,A4Benchmark/A4Benchmark-TS72.csv
0.9156746031746033,0.5,0.0235294117647058,0.0449438202247191,0.7016932270916335,A4Benchmark/A4Benchmark-TS73.csv
0.0009920634920634,1.0,0.0009920634920634,0.0019821605550049,0.4677259185700099,A4Benchmark/A4Benchmark-TS74.csv
0.8501984126984127,0.5,0.0331125827814569,0.062111801242236,0.7251503006012023,A4Benchmark/A4Benchmark-TS75.csv
0.8849206349206349,0.6666666666666666,0.017094017094017,0.0333333333333333,0.7636815920398009,A4Benchmark/A4Benchmark-TS76.csv
0.8690476190476191,0.25,0.015625,0.0294117647058823,0.558125,A4Benchmark/A4Benchmark-TS77.csv
0.871031746031746,0.25,0.0158730158730158,0.0298507462686567,0.5581875000000001,A4Benchmark/A4Benchmark-TS78.csv
0.0009920634920634,1.0,0.0009920634920634,0.0019821605550049,0.5,A4Benchmark/A4Benchmark-TS79.csv
0.9563492063492064,0.4285714285714285,0.0697674418604651,0.12,0.6933066933066934,A4Benchmark/A4Benchmark-TS8.csv
0.8869047619047619,0.2857142857142857,0.018018018018018,0.0338983050847457,0.5824175824175823,A4Benchmark/A4Benchmark-TS80.csv
0.9067460317460316,0.3333333333333333,0.0217391304347826,0.0408163265306122,0.6207584830339321,A4Benchmark/A4Benchmark-TS81.csv
0.98015873015873,0.2,0.0588235294117647,0.0909090909090909,0.5917248255234298,A4Benchmark/A4Benchmark-TS82.csv
0.0009920634920634,1.0,0.0009920634920634,0.0019821605550049,0.4533267130089374,A4Benchmark/A4Benchmark-TS83.csv
0.0019841269841269,1.0,0.0019841269841269,0.0039603960396039,0.4393638170974155,A4Benchmark/A4Benchmark-TS84.csv
0.8035714285714286,0.4545454545454545,0.0253807106598984,0.048076923076923,0.6197683960973832,A4Benchmark/A4Benchmark-TS85.csv
0.9662698412698412,0.2857142857142857,0.064516129032258,0.1052631578947368,0.6233766233766233,A4Benchmark/A4Benchmark-TS86.csv
0.9900793650793652,1.0,0.0909090909090909,0.1666666666666666,0.9950347567030784,A4Benchmark/A4Benchmark-TS87.csv
0.8938492063492064,0.3333333333333333,0.0288461538461538,0.0530973451327433,0.6042153264375486,A4Benchmark/A4Benchmark-TS88.csv
0.9077380952380952,0.3333333333333333,0.0219780219780219,0.0412371134020618,0.6219228210246174,A4Benchmark/A4Benchmark-TS89.csv
0.0009920634920634,1.0,0.0009920634920634,0.0019821605550049,0.407149950347567,A4Benchmark/A4Benchmark-TS9.csv
0.9513888888888888,0.4285714285714285,0.0625,0.109090909090909,0.6908805480234051,A4Benchmark/A4Benchmark-TS90.csv
0.8829365079365079,0.5,0.0254237288135593,0.0483870967741935,0.6834664005322687,A4Benchmark/A4Benchmark-TS91.csv
0.9057539682539684,0.3636363636363636,0.0434782608695652,0.0776699029126213,0.6258776328986961,A4Benchmark/A4Benchmark-TS92.csv
0.8759920634920635,0.3333333333333333,0.0080645161290322,0.0157480314960629,0.5805970149253732,A4Benchmark/A4Benchmark-TS93.csv
0.9513888888888888,0.25,0.0444444444444444,0.0754716981132075,0.648375,A4Benchmark/A4Benchmark-TS94.csv
0.8660714285714286,0.5,0.0148148148148148,0.0287769784172661,0.6525149402390439,A4Benchmark/A4Benchmark-TS95.csv
0.0009920634920634,1.0,0.0009920634920634,0.0019821605550049,0.4865938430983118,A4Benchmark/A4Benchmark-TS96.csv
0.875,0.8571428571428571,0.0458015267175572,0.0869565217391304,0.8575710004281434,A4Benchmark/A4Benchmark-TS97.csv
0.8224206349206349,0.5555555555555556,0.0277777777777777,0.0529100529100529,0.6822377933489046,A4Benchmark/A4Benchmark-TS98.csv
0.9791666666666666,0.2857142857142857,0.1111111111111111,0.16,0.6337947766519194,A4Benchmark/A4Benchmark-TS99.csv
